Esai,Label Asli,Prediksi,Keterangan
"aku belajar dgn target, jdi aku buat plan apa yg harus ku kerjakan jdi nnti ter struktur, ya di kamar, suasana belajar sih tenang, nyaman sendiri | dengan membaca / mencari materi ttg itu, truss pahami lagi, abistu buat soal buat nguji pemahaman, belajar mandiri | tenang, yg tenang, lebih suka yg tenang | dengan melihat video cara yg lain, trus nyoba sendiri sampe ketemu jawabanya , gada yg bantu kecuali diri sendiri, nyelesain sendiri | belajar sabar, banyak hal pokonya, buat plan sblm belajar jdi terstruktur jelas, cenderung bisa beradaptasi ",R,R,Benar
belajar sm temen di coffeshoop  | membaca ulang agar dapat lebih memahami  | suasana yang tenang sepi  | mencoba menyelesaikan sendiri terlebih dahulu  | memahami lingkungan sekitar terlebih dahulu ,R,R,Benar
"saya sering belajar dikamar pada malam hari, saat suasana rumah tenang, saya lebih nyaman belajar sendiri ketika pelajaran mudah untuk saya pahami, tapi ketika pelajaran susah dipahami saya lebih suka belajar bersama teman | saya akan membaca dan mencari pemahaman lewat internet, saya lebih suka belajar mandiri tetapi ketika menemukan materi yang susah untuk dipahami saya lebih suka melalui diskusi/mendengarkan penjelasan orng lain | di kamar dengan sedikit cemilan dngn suasana tenang  | pertama saya akan mencari lewat internet, jika saya masih merasa kesulitan saya akan meminta bantuan kepada teman dekat. saya lebih sering mencoba menyelesaikan sendiri terlebih dahulu  | mengubah cara belajar dengan belajar lebih giat",V,V,Benar
"dengerin musik sambil belajar dikamar sendiri jadi tenang nyaman damai tentram | jelasinnya secara tatap muka tapi cuman 2  orang doang klo banyak² susah paham nyaaa, suka yg mendengarkan penjelasan sama belajar mandiri tpi yg ga terlalu ramai  | belajar sambil dengerin musik, klo yg bareng² sebisa mungkin dilingkungan/tempat yg sepi  | sering meminta bantuan orang lain kadang nyelesaiin sendiri klo emg blm paham tanyaa | Dari pengalaman belajar selama ini, aku jadi tahu kalau aku lebih mudah paham kalau belajarnya santai tapi tetap fokus. Yang mau aku ubah mungkin kebiasaan suka nunda tugas, biar bisa lebih disiplin. Tapi yang mau aku pertahankan itu rasa semangat buat belajar hal baru. Kalau ada di lingkungan belajar baru, biasanya aku coba menyesuaikan diri, tetap sopan, dan pelan-pelan mulai berani buat bergaul sama orang lain.",K,K,Benar
"Saya sering belajar dirumah, dan hampir tiap malam belajar dan suasana yang tenang saat malam, lebih nyaman belajar bareng karena dapat memecahkan soal bersama | Saya dapat memahami materi dengan diadakan praktik secara langsung dan lebih suka dijelaskan materi secara langsung karena lebih mudah dipahami | Saya lebih suka suasana belajar yg sepi tenang dan damai agar fokus, dan saya akan merasa semangat saat berada dilingkungan yang tenang | saya akan mencari solusi di YouTube stay website lain agar lebih mendalami materi yg dipelajari, lebih sering menyelesaikan sendiri dibandung meminta bantuan | Saya merasa diri Saya terkadang masi malas dalam belajar dan saya ingin mengubah kebiasaan ini agar tidak menyesal dikedepan Hari nya, sikap Saya agak canggung dan merasa belum akrab tp lama kelamaan akan terbiasa",K,K,Benar
"di kamar/r tamu, suasana yang tenang dgn mendengar kan musik dan lebih nyaman belajar sendiri | saya lebih suka mendengarkan penjelasan dari orang lain dan mencoba belajar sendiri dengan bantuin orang lain agar faham oleh materi | lebih bersemangat di lingkungan yang hening santai dan tidak ada yang mengganggu karna dapat membuat sya lebih fokus dalam belajar | saya lebih mencoba menyelesaikan sendiri jika saya benar' tidak yakin atau tidak bisa akan saya tanyakan kepada orang-lain | saya ingin mengubah fokus sya yang biasanya masih fokus di HP, dan saya akan mempertahankan cara belajar saya yang tenang dan santai dengan musik dan minuman",K,K,Benar
"Saya biasanya belajar di sudut kamar yang sepi, paling sering saat larut malam ketika semua orang sudah tidur dan suasana benar-benar hening. Saya sangat butuh lingkungan yang tenang tanpa gangguan suara atau visual agar bisa benar-benar fokus memikirkan sesuatu secara mendalam.Bagi saya, belajar sendiri jauh lebih nyaman daripada dalam kelompok. Belajar sendirian menghemat energi sosial saya dan memberi saya kebebasan penuh untuk mengatur kecepatan memahami materi tanpa perlu berbasa-basi atau merasa tertekan oleh kehadiran orang lain. | Saya biasanya memahami materi baru melalui belajar mandiri. Langkah pertama yang saya lakukan adalah membaca materi secara menyeluruh dalam suasana tenang agar bisa mencerna setiap detail tanpa gangguan. Setelah itu, saya akan membuat catatan ringkas atau peta konsep dengan bahasa saya sendiri untuk memastikan logika penyampaiannya sudah saya kuasai.Saya lebih suka belajar sendiri dibandingkan berdiskusi karena metode ini memberi saya ruang untuk berpikir mendalam dan mencari referensi tambahan sesuai kecepatan belajar saya. Dengan belajar mandiri, saya bisa lebih fokus merenungkan materi hingga benar-benar merasa paham sebelum berinteraksi dengan orang lain. | Kondisi belajar yang paling saya sukai adalah suasana yang tenang dan sunyi, seperti di dalam kamar atau sudut perpustakaan yang sepi. Di sekitar saya biasanya hanya ada laptop, buku catatan, dan segelas air putih. Lingkungan yang minimalis dan tanpa kebisingan sangat membantu saya untuk mencapai fokus maksimal.Suasana tenang sangat cocok bagi saya karena saya adalah tipe orang yang mudah terdistraksi oleh suara atau pergerakan orang di sekitar. Saya merasa jauh lebih bersemangat dan produktif saat berada di lingkungan yang sunyi, karena keramaian cenderung menguras energi mental saya dan membuat pikiran sulit terkonsentrasi. | Saat menghadapi kesulitan belajar, langkah pertama yang saya lakukan adalah mencoba menyelesaikannya sendiri terlebih dahulu. Saya biasanya mencari referensi tambahan melalui buku, video pembelajaran di YouTube, atau artikel di internet untuk mendapatkan perspektif yang berbeda. Jika saya masih merasa buntu, saya akan meminta bantuan kepada teman atau guru yang lebih memahami materi tersebut.Saya lebih memilih mencoba sendiri di awal karena proses tersebut membantu saya mengasah kemampuan berpikir kritis dan kemandirian. Namun, saya juga menyadari batasan diri dan tidak ragu untuk berdiskusi dengan orang lain agar pemahaman saya menjadi lebih komprehensif. | Melalui pengalaman belajar selama ini, saya menyadari bahwa saya adalah tipe pelajar yang membutuhkan target yang jelas untuk tetap termotivasi. Saya belajar bahwa konsistensi jauh lebih efektif daripada belajar dengan sistem kebut semalam. Hal yang ingin saya pertahankan adalah kebiasaan mencatat poin-poin penting, namun saya ingin mengubah kecenderungan menunda pekerjaan agar manajemen waktu saya menjadi lebih baik.Saat berada di lingkungan belajar yang baru, saya cenderung bersikap terbuka, suportif, dan adaptif. Saya berusaha mengamati budaya belajar di lingkungan tersebut dan aktif menjalin komunikasi dengan rekan-rekan baru agar proses adaptasi berjalan lebih cepat dan harmonis.",K,K,Benar
belajar bersamaa karna bisa punya relasi dan b | mandiri | belajar dimall dicaffe ditaman sangat membantu merefleksikan tubuh dan pikiran sayaa | tidak karnaa saya cenderung apa apa sendiri  | senangg happy,A,A,Benar
"bersama orang lain agar mendapatkan pikiran yang lebih luas | mendengarkan penjelasan orang lain | di lingkungan ramai | mencoba menyelesaikan sendiri agar dapat berusaha dulu | tidak, malu malu dan takut untuk berekspresi ",A,A,Benar
belajar bersama orang lain krn seru dan menyenangkan | mendengarkan penjelasan oranglain karena tinggal dengerin | bersemangat jika di lingkungan yang tenang karena tidak banyak orang | menyelesaikan terlebih dahulu krn itu urusan ku | saya sebagai pelajar ingin meningkatkan belajar saya melalui literasi dan mendengarkan orang menjelaskan dll,A,A,Benar
"saya belajar jika mood saya membaik dan belajar saya harus di lingkungan yang tenang, biasanya saya lebih suka belajar sendiri  | saya biasanya cara memahami materi dengan cara diterangkan terlebih dahulu selanjutnya saya ingin latihan soal, karena dengan latihan soal saya bisa tahu mana yang sudah saya ketahui dan mana yang belum saya ketahui | saya suka suasana yang sepi tenang, soalnya dengan ketenangan tersebut saya mudah berkonsentrasi untuk memahami materi  | saya biasanya menghadapi masalah tersebut dengan mengumpulkan mood agar semangat belajar  | saya suka gaya belajar saya yang sekarang ",A,A,Benar
"Dengan cara membaca, berlatih melalui latihan soal dan mengerjakannya dgn membuka catatan serta membandingkan jawaban dr internet. suasana yang ada d sekitar saya biasa sih ga gimana² ada kalanya ramai ada kalanya tenang. tergantung dengan siapa partner belajar saya, jika orang nya bisa membuat saya merasa terdorong untuk belajar dan tidak malas² an saya suka, tp jika tidak bs serius hanya bisa bercanda dan mengandalkan orang lain saya kurang suka. | melalui les biasanya, kalau ga ya pahami sendiri atau tanya ke guru mapel. jujur kl memahami materi saya lebih suka mendengarkan penjelasan orang lain dengan keadaan lingkungan sekitar yg tenang. | Lingkungan sekitar yang tenang, karena dgn itu kita bisa lebih fokus mendengarkan penjelasan dan dapat mencerna penjelasan tanpa terganggu dari sekitar orang. saya lebih bersemangat di lingkungan yang suasananya tenang. karna jika lingkungan nya ramai saya susah untuk konsentrasi. | karna saya mengikuti bimbel di salah satu bimbel, saya menggunakan fasilitas yang namanya TST, dibantu dgn guru mapel dr bimbel tersebut dengan penjelasan yang lengkap, rinci, dan mudah dipahami. tergantung bagaimana soal dan materi, jika merasa sulit saya langsung mengajukan jadwal TST, jika merasa mudah dan saya paham dgn materinya saya mengerjakan sendiri. | Saya adalah orang yang mudah ter distrake,, saya lumayan sulit memahami jika penjelasan yang di beri susah di pahami dan tidak jelas. kadang saya merasa rajin tapi 15 menit kemudian saya merasa malas. saya ingin sekali mempertahankan ke rajinan saya untuk belajar, dan semangat untuk belajar. saat di lingkungan belajar yang baru saya berusaha untuk beradaptasi",K,K,Benar
"aku terbiasa belajar sistem kebut semalam, tapi biasanya aku juga ada les privat di rumah karena suasananya lebih intens & aku jadi lebih berani buat menanyakan materi, utk lebih nyamannya itu tergantung kalo tugasnya dalam bentuk tugas besar aku prefer berkelompok tp utk tugas kecil simple aku nyaman belajar sendiri | cara biar aku lebih paham sama materi itu biasanya aku baca” lagi materinya di rumah sampe bener” paham kadang aku juga contohin ke benda disekitarku biar mudah diinget dan juga dengerin penjelasan orang lain | aku lebih bisa fokus belajar di suasana yang tenang karena kalo di suasana yg ramai fokus ku jd kepecah & malah gabisa belajar samsek tp klo utk mencatat materi aku bisa sambil puterin musik/ sambil wfc  | kalo aku ngerasa sulit buat memahami materi kadang aku intropeksi diri kira” apa yg buat aku gabisa fokus dlm belajar, kalo masih blm terpecahkan aku sering curhat minta bantuan kakak buat kasih motivasi & ceritain reason knp aku bisa buntu dlm belajar | yang aku pelajari selama ini itu ternyata aku ga seambis itu dibanding temen” kelas yg sekarang, mungkin dari itu aku bisa lebih banyak belajar & kurangi belajar sistem kebut semalam kalo pas mau ujian aja, utk sikap ku di lingkungan belajar yang baru aku pasti lebih malu” dan kurang maksimal karena blm kenal dgn lingkungannya",R,R,Benar
"Biasanya aku belajar sendirian di kamar sambil nyetel musik, tapi aslinya aku ngerasa lebih seru kalau belajar bareng temen. Biar cepet ngerti, aku lebih seneng dengerin orang lain ngejelasin materinya. Pokoknya cari suasana yang nyaman aja. Kalau nemu masalah, aku tipe yang langsung nanya ke temen. Ke depannya, pengen banget deh bisa jadi orang yang lebih rajin lagi.",A,A,Benar
"Aku tipe yang belajar pakai target, jadi pasti bikin rencana dulu biar semuanya rapi dan terstruktur. Tempat favoritku di kamar, dengan suasana yang tenang, karena aku emang paling nyaman sendirian. Cara belajarku tuh baca atau cari materi, dipahamin, terus bikin soal sendiri buat ngetes seberapa ngerti aku. Pokoknya serba mandiri deh. Kalau ada yang susah, aku biasa cari video tutorial, terus ngulik sendiri sampai nemu jawabannya tanpa ngandelin orang lain. Intinya belajar sabar, bikin rencana yang jelas, dan aku ngerasa lumayan gampang beradaptasi kok.",R,R,Benar
"Kegiatan belajarku biasanya di rumah atau tempat sepi yang suasananya tenang, soalnya itu bikin aku lebih gampang nangkep materi. Aku lebih seneng belajar sendiri dibanding bareng-bareng, karena kalau bareng ujung-ujungnya pasti malah asik ngobrol dan nggak paham materinya. Kalau ada materi baru yang bikin pusing, aku bakal nanya ke guru atau temen yang udah ngerti, kalau belum nangkep juga ya aku coba ngerjain latihan soalnya. Suasana tenang tuh bikin fokusku makin naik. Kalau nemu jalan buntu, aku bakal istirahat bentar atau cari hiburan biar mood balik lagi. Dari sini aku sadar kalau aku agak pemalu atau awkward pas ngobrol sama orang baru. Kayaknya sikap ini mau aku ubah sih, meski di lingkungan baru hal ini ada plus-minus-nya.",K,K,Benar
"Aku biasa belajar di rumah abis maghrib atau isya, suasananya rame tapi nggak terlalu berisik. Tetep lebih nyaman sendiri sih biar bisa lebih fokus. Kalau lagi kesusahan ngerjain, biasanya aku searching caranya terus dikerjain sampe ngerti. Tapi aku lebih gampang paham kalau dengerin penjelasan dari orang lain. Aku suka kondisi tenang sambil dengerin musik volume kecil biar fokusnya nggak keganggu. Intinya lebih suka suasana yang tenang deh. Kalau kesusahan, aku lumayan sering minta bantuan orang lain. Ke depannya, aku pengen banget ningkatin daya ingatku waktu belajar.",V,V,Benar
"Aku tipe yang belajar ngikutin mood. Seringnya sih di rumah aja, jarang keluar buat diskusi walau dalem hati kadang pengen. Tempat yang sepi dan tenang itu udah paling pas deh buat aku, jujur aku lebih enjoy sendiri. Cara paling ampuh buat aku tuh ngulang-ngulang materi sama ngerjain latihan soal. Suasana wajib tenang dan sepi biar nggak ada yang ganggu konsentrasi. Kalau ada masalah, aku prefer nontonin video pembahasannya di internet. Oh ya, aku pengen banget ngilangin rasa malesku pas lagi belajar sesuatu.",K,K,Benar
"Jujur, sampai sekarang aku belum konsisten belajar tiap hari (alias belajar kalau ada tugas doang, hehe). Biasanya aku mojok di kamar biar tenang sambil dengerin musik. Aku lebih suka sendiri karena rasanya lebih santai dan nggak keganggu. Kalau penjelasan guru kurang masuk, aku bakal minta tolong temen yang udah ngerti buat ngejelasin, soalnya bahasa mereka lebih ringan dan gampang dicerna. Kalau lagi belajar sendiri, aku suka nonton short video di TikTok atau YouTube, soalnya kalau video panjang bawaannya ngantuk. Aku lebih suka suasana sendiri ditemenin musik biar lebih enjoy dan nutupin suara berisik dari luar. Kalau nemu materi yang susah, aku ulik sendiri dulu. Mentok nggak paham, baru nanya temen atau nyari tutorial di internet. Kalau masih nge-blank juga, baru deh nanya guru di pertemuan berikutnya. Selama ini aku emang kurang konsisten, kadang lihat video motivasi di TikTok langsung rajin, tapi kadang mood hancur karena udah capek di sekolah. Pengen banget ngubah bad habit males ini, apalagi sekarang udah kelas 12 dan harus ngejar PTN.",K,K,Benar
"Aku tuh tipe yang individual banget kalau belajar. Sebagai seorang INTJ, aku ngerasa lebih bisa fokus ngobrol sama pikiranku sendiri dibanding kalau ada orang lain. Aku lebih milih tempat yang sunyi senyap dibanding yang hits kayak kafe atau restoran. Caraku nangkep materi tuh dengan diulang-ulang, cari poin pentingnya, terus dihajar pakai latihan soal. Belajarnya emang lebih masuk kalau sendiri, baru kalau ada yang nggak ngerti aku nanya ke pakarnya (bisa temen atau guru). Suasana wajib hening, soalnya fokusku bakal langsung buyar kalau ada di tempat yang rame. Kalau lagi mentok nggak paham atau lupa materi, aku bakal nanya dan minta tolong soalnya aku ngerasa udah nggak yakin sama pemahamanku sendiri. Yang aku pelajarin soal diriku, aku tuh kadang pusing sendiri kalau disuruh milih keputusan (anti-commitment club banget, haha), dan sering kecewa pas ngadepin sesuatu. Aku pengen banget ngilangin rasa males dan insecure-ku ini. Kalau nemu tempat belajar baru, aku lumayan gampang kok berbaur sama vibes sekitarnya.",K,K,Benar
"Aku sih lebih nyaman belajar bareng temen-temen soalnya seru banget. Biasanya aku lebih gampang nangkep materi pas lagi sesi diskusi. Buat suasana, aku nggak terlalu condong ke tempat yang tenang-tenang amat sih. Kalau disuruh milih, aku lebih jarang ngerjain semuanya sendirian, lebih suka ngikutin aja alur yang lagi kejadian.",R,R,Benar
"Aku lebih nyaman belajar sendiri karena kerasa lebih tenang di rumah, biasanya sehabis selesai aktivitas, urusan rumah, atau urusan di luar. Aku lebih suka dengerin penjelasan orang lain dulu, terus kalau masih kurang paham, aku bakal nyari contoh-contoh soal dari materi itu. Aku prefer suasana yang sepi, soalnya bikin pikiran dan caraku mikir jauh lebih rileks dan nggak buru-buru. Aku jarang minta bantuan orang lain selama aku ngerasa masih bisa ngerjain sendiri. Tapi kalau beneran mentok ngadepin tantangan, aku biasanya nanya ke guru bimbel atau temen yang udah jago. Ke depannya, aku bakal tetep mertahanin kebiasaan yang bikin nyaman, yaitu belajar di tempat sepi dan tenang.",K,K,Benar
"Belajar di kamar pas malem hari dengan suasana sunyi, atau malah pasang musik yang lumayan kenceng itu vibe aku banget. Buat mahamin materi baru, aku dengerin dulu penjelasan guru, habis itu baru deh aku ulik baca materinya lebih dalem. Aku juga lebih seneng belajar sendiri aja. Suasana sunyi, tenang, ditemenin alunan musik itu perfect buatku soalnya nggak hectic dari suara-suara luar yang suka bikin konsentrasi ambyar. Kalau ada tugas susah, aku coba kelarin sendiri dulu, kalau udah nyerah baru minta tolong orang. Aku tuh paling sebel kalau diganggu pas lagi fokus-fokusnya ngerjain tugas. Kayaknya nggak ada yang pengen aku ubah dari cara belajarku, udah pas kok. Mungkin cuma pengen nyoba latihan belajar di tempat rame kayak di kelas, soalnya aku gampang banget ke-distraksi kalau kelas lagi heboh. Di lingkungan baru, sikapku emang lebih gampang salah fokus aja sih pas lagi belajar.",A,A,Benar
"Aku biasa belajar malem hari di kamar pas suasananya lagi tenang dan sejuk. Kalau ada materi yang belum mudeng, aku bakal terus nanya sampai paham banget. Sebenernya mahamin materi lewat diskusi tuh jauh lebih asik, tapi ya kadang harus memaksakan diri buat belajar mandiri juga. Aku paling enjoy belajar berdua sama temen yang satu frekuensi, vibes-nya lebih tenang dan fun aja gitu. Pada dasarnya aku emang suka banget suasana yang tenang. Kalau nemu jalan buntu, aku coba ulik sendiri dulu pakai bantuan internet. Tapi kalau masih buntu, ujung-ujungnya nanya ke kakakku. Pelajaran hidup yang aku dapet: jangan pernah ninggalin waktu belajar. Nggak ada yang pengen kuubah sih sekarang, tapi kalau masuk lingkungan baru aku bakal usaha buat cepet adaptasi sama sekitarnya.",K,K,Benar
"Aku belajarnya di rumah, kondisinya hening dan tenang. Jauh lebih nyaman sendiri soalnya nangkep konsentrasinya lebih gampang ketimbang kalau dibarengin belajar kelompok. Biar mudeng, aku ngulang-ngulang materinya. Kalau ditanya milih mana, aku suka dua-duanya (mandiri/diajarin) sih, tergantung sesulit apa materinya. Suasana wajib hening biar konsentrasi bisa ditarik pol-polan. Buat nyelesain masalah, aku condong ngerjain semuanya sendiri. Pengennya sih bisa jadi anak yang lebih rajin lagi belajarnya.",R,R,Benar
"Biasanya jadwal belajarku jatuh di malem hari, suasananya tenang sambil dengerin musik sendirian, soalnya enak banget buat ngebut ngerjain tugas. Aku paling gampang nangkep kalau guru yang ngejelasin di papan tulis, bener-bener dijelasin detail dan rapi gitu. Lingkungannya harus sejuk, tenang, ditemenin musik. Kalau lagi kesusahan, aku ngumpulin niat dulu, terus searching di Google dan usahain beresin semuanya solo. Kayaknya aku nggak mau ngubah apa-apa deh, aku udah enjoy banget sama caraku belajar sendiri, tinggal sesuain mood dan tempat aja.",V,V,Benar
"Aku sih seringnya belajar di rumah, ngegasnya pas mau ujian atau ulangan doang. Suasana di sekitarku sekarang lagi happy, tapi aslinya aku lebih seneng belajar bareng orang lain biar nggak garing. Caraku paham itu ya dibaca ulang-ulang terus nanya ke temen. Paling seneng kalau kondisinya nggak pada banyak omong, soalnya bikin langsung fokus. Kalau bingung, biasanya nanya guru, temen, atau searching di internet, walau seringnya sih ulik sendiri di awal. Nggak ada yang aneh-aneh sih dari pengalamanku. Palingan pengen ngubah diri biar lebih fokus aja belajarnya. Di tempat baru, aslinya aku bakal jadi pendiam.",K,K,Benar
"Aku sukanya belajar bareng-bareng biar dapet insight yang lebih luas. Caraku paham tuh dengan dengerin penjelasan orang lain. Aku malah suka di lingkungan yang rame. Kalau nemu masalah, aku usahain beresin sendiri dulu. Di tempat baru, jujur masih suka malu-malu dan takut buat berekspresi.",A,A,Benar
"Kebiasaan belajarku sehari-hari asik banget kok. Aku bisa belajar di mana aja flexible, suasana di sekitarku selalu dibawa happy. Aku lebih seneng belajar bareng biar bisa tuker ide atau pikiran. Biar cepet ngerti, harus diselingi game dikit pas dijelasin biar nggak monoton. Apalagi kalau dijelasin langsung sama orang, itu gampang banget masuknya. Suasananya harus perpaduan sedikit tenang dan sedikit rame, itu ngebantu cepet nangkep. Aku suka dua-duanya sih, suka keramaian pas lagi ngumpul, tapi suka tenang pas butuh istirahat. Kalau stuck, aku nanya temen atau liat video penjelasan, tapi ulik sendiri dulu. Pengennya ke depan bisa lebih fokus dan giat belajar. Kalau di tempat baru, aku bakal mulai nyapa duluan dan belajar culture komunikasinya di sana.",K,K,Benar
"Aku sih belajarnya kebanyakan kalau pas ada tugas, mau ujian, atau ulangan harian aja. Biasanya mojok di rumah atau kadang di tempat les. Aku ngerasa jauh lebih nyaman belajar sendiri soalnya materinya lebih gampang masuk dan dicerna sama otakku. Kalau sendiri, aku juga lebih cepet hafal dan paham. Caraku ngafalin tuh dengan diulang-ulang terus atau dibarengin sama ngerjain latihan soal. Aku emang lebih prefer belajar mandiri, tapi lumayan suka juga sih kalau dengerin penjelasan dari orang lain. Kondisi paling pewe buat ngafalin itu pas lagi tenang dan sunyi, tapi kalau cuma ngerjain tugas biasa, aku seneng sambil dengerin musik atau nonton. Bakal lebih semangat kalau lingkungannya tuh nggak terlalu rame tapi juga nggak terlalu sepi, yang pas-pas aja. Kalau mentok, biasanya aku nanya guru, atau searching solusinya lewat Google dan aplikasi lain. Aku tipe yang selalu nyoba mecahin sendiri dulu, bener-bener kalau udah mentok nggak bisa baru nyari bantuan. Dari caraku belajar ini, aku sadar banget kalau aku tuh tipe orang yang suka nge-planning segala hal yang penting.",K,K,Benar
"Aku lebih sering belajar di rumah dan biasanya lebih nyaman kalau belajar sendiri, walaupun kadang juga bisa belajar bareng orang lain. Cara yang biasa kulakukan untuk memahami materi adalah membaca ringkasan yang berkaitan dengan pelajaran tersebut. Selain itu, aku juga lebih suka mendengarkan penjelasan langsung dari guru atau pengajar. Suasana belajar favoritku adalah tempat yang sepi dan sunyi karena bikin lebih fokus dan mudah memahami materi. Kalau menghadapi kesulitan, aku akan mencoba menyelesaikannya sendiri dulu atau mencari solusi dengan bertanya kepada guru atau pengajar les. Saat berada di lingkungan belajar yang baru, biasanya aku memilih beradaptasi terlebih dahulu.",V,V,Benar
"Aku lebih suka belajar sendiri karena gampang terdistraksi kalau suasananya berisik atau obrolannya terlalu seru. Saat mempelajari sesuatu, biasanya aku mulai dengan berdiskusi lalu mencoba memahami konsep dasarnya supaya bisa menemukan jawaban dengan cara yang berbeda. Aku juga suka lingkungan belajar yang aktif dan ada interaksi dua arah antara guru dan murid, jadi nggak cuma mendengarkan penjelasan saja. Kalau mulai kehilangan semangat, aku mengingat kembali tujuan dan mimpi-mimpi besarku supaya termotivasi untuk terus belajar. Aku sadar media sosial sering membuatku terdistraksi, jadi aku ingin membuat jadwal atau timer agar lebih konsisten.",K,K,Benar
"Biasanya aku belajar dengan cara membuat rangkuman lalu menghafalkannya. Aku sering belajar di kamar pada malam hari atau saat ada waktu luang dengan suasana yang benar-benar sepi. Aku lebih nyaman belajar sendiri karena bisa lebih fokus memahami materi. Cara belajarku dimulai dari membaca materi, melihat contoh soal, lalu kalau masih bingung aku cari video di YouTube sambil mencatat poin penting dan mengerjakan latihan soal. Aku lebih suka belajar mandiri, tapi kadang tetap butuh penjelasan dari orang lain supaya lebih mudah paham. Kalau menemui kesulitan, biasanya aku istirahat sebentar, keluar kamar atau bikin makanan dulu, lalu lanjut belajar lagi sambil melihat video dan latihan soal. Aku termasuk orang yang perfeksionis, jadi selalu ingin menyiapkan semuanya dengan matang sebelum belajar. Namun, aku ingin mengurangi kebiasaan menunda dan terlalu lama mempersiapkan sesuatu sebelum mulai belajar.",K,K,Benar
"Aku suka belajar di tempat yang sunyi karena bisa lebih fokus. Soalnya kalau belajar kelompok malah sering kebanyakan ngobrol daripada belajar. Biasanya aku membaca materi berulang kali sampai paham, mengerjakan latihan soal, lalu mencoba menjelaskan materi itu ke orang lain supaya pemahamanku semakin kuat. Aku lebih nyaman belajar di suasana yang tidak ramai, walaupun kadang tetap butuh bimbingan dari orang lain sebelum melanjutkan belajar sendiri. Selama ini aku merasa bahan belajar yang kupunya kadang kurang lengkap sehingga masih membutuhkan arahan untuk memahami materi tertentu. Dulu nilai akademikku saat SMP kurang bagus, tapi setelah mengubah cara belajar di SMA hasilnya jadi jauh lebih baik dan aku bersyukur dengan perubahan itu.",A,A,Benar
"Aku biasanya belajar di kelas atau di kamar dan lebih mudah memahami materi kalau suasananya tenang, sepi, dan nyaman. Aku memang lebih suka belajar sendiri, tapi kadang tetap butuh teman untuk diskusi atau sekadar membahas soal. Biasanya aku belajar mandiri dulu, lalu kalau benar-benar belum paham baru berdiskusi dengan teman yang lebih mengerti. Aku juga lebih gampang memahami materi kalau mendengar penjelasan orang lain. Tempat belajar favoritku harus luas, bersih, dingin, dan wangi supaya nyaman. Kalau suasananya ramai, fokusku jadi mudah terpecah. Saat mengalami kesulitan, aku biasanya minta bantuan teman yang lebih paham, dan kalau tidak ada yang bisa membantu aku mencari penjelasan lewat internet atau video pembelajaran. Aku juga ingin melatih diri supaya lebih fokus dalam belajar walaupun butuh proses.",R,R,Benar
"Aku biasanya belajar di sekolah dan juga di rumah pada malam hari dengan suasana ruangan yang tenang dan nyaman. Aku lebih suka belajar sendiri karena bisa lebih fokus. Untuk memahami materi, aku sering mencatat bagian penting dan mendengarkan penjelasan dari orang lain. Aku paling nyaman belajar di tempat yang tenang, walaupun kalau ada beberapa teman, maksimal sekitar lima orang, aku tetap semangat belajar. Saat menemui kesulitan, biasanya aku bertanya dan meminta bantuan kepada teman yang lebih mengerti. Ke depannya aku ingin memperbaiki cara belajarku dan saat berada di lingkungan baru aku akan berusaha menyesuaikan diri dengan situasi yang ada.",R,R,Benar
"Biasanya aku belajar di kamar saat malam hari dengan suasana yang tenang dan sejuk. Kalau ada materi yang belum kupahami, aku akan terus bertanya sampai benar-benar mengerti. Menurutku belajar lewat diskusi itu menyenangkan, walaupun tetap perlu belajar mandiri juga. Aku lebih suka belajar berdua dengan teman yang sefrekuensi karena suasananya lebih santai dan nyaman dibanding ramai-ramai. Kalau mengalami kesulitan, aku mencoba mencari jawabannya sendiri lewat internet dulu, baru kalau masih belum bisa aku bertanya kepada kakakku. Dari pengalaman ini aku belajar untuk tidak meninggalkan waktu belajar dan ketika masuk lingkungan baru aku akan berusaha beradaptasi dengan keadaan sekitar.",K,K,Benar
"Aku biasanya belajar di kamar pada malam hari setelah makan malam sekitar jam tujuh. Suasana yang tenang dengan hanya suara kipas angin atau kendaraan dari luar membuatku lebih rileks setelah seharian di sekolah. Aku jauh lebih nyaman belajar sendiri karena bisa mengatur waktu dan menentukan materi yang ingin dipelajari tanpa harus mengikuti ritme orang lain. Saat mendapatkan materi baru, aku membaca sekilas untuk memahami gambaran besarnya, lalu membaca ulang secara perlahan sambil menandai bagian penting dan menuliskannya kembali dengan bahasaku sendiri. Aku lebih menyukai belajar mandiri daripada berdiskusi karena bisa mendalami materi sesuai kecepatan sendiri. Tempat belajar favoritku adalah ruangan yang rapi, sejuk, dan benar-benar tenang karena kondisi itu membuatku lebih fokus. Saat menghadapi kesulitan, aku akan mencoba mencari solusi sendiri melalui catatan, buku referensi, atau video di internet sebelum akhirnya bertanya kepada teman atau guru. Dari pengalaman belajar, aku sadar kalau kemandirian dan rasa ingin tahu adalah kekuatanku. Namun, aku juga ingin mengurangi kebiasaan terlalu lama menyimpan kebingungan sebelum meminta bantuan. Saat berada di lingkungan baru, aku akan berusaha terbuka dan cepat menyesuaikan diri tanpa meninggalkan gaya belajarku.",R,R,Benar
"Aku biasanya belajar pada malam hari dengan suasana yang tenang dan lebih nyaman kalau sendirian. Untuk memahami materi, aku lebih suka dijelaskan terlebih dahulu oleh orang lain. Aku juga menyukai kondisi belajar yang hening karena membuatku lebih mudah berkonsentrasi. Kalau mengalami kesulitan, biasanya aku menenangkan diri dulu lalu mencoba menganalisis bagian mana yang belum benar-benar kupahami. Dari pengalaman selama ini, aku menyadari bahwa aku termasuk pelajar yang mandiri tetapi tetap membutuhkan struktur belajar yang jelas. Aku juga merasa lebih efektif kalau materi disampaikan secara visual atau melalui praktik langsung.",K,K,Benar
"Biasanya aku belajar malam hari di kamar karena suasananya lebih tenang dan mendukung konsentrasi. Aku lebih suka belajar sendiri supaya bisa mengatur ritme belajarku tanpa banyak gangguan. Saat mempelajari materi baru, aku membaca garis besarnya dulu lalu mencatat poin penting atau mencoba latihan soal. Aku lebih nyaman belajar mandiri, tetapi kalau ada materi yang sulit aku juga senang mendengarkan penjelasan dari orang lain. Tempat belajar favoritku adalah kamar yang rapi dan tenang dengan perlengkapan sederhana seperti buku, laptop, dan segelas air putih. Kalau menghadapi kesulitan, aku mencoba menyelesaikannya sendiri lebih dulu dengan membaca ulang atau mencari referensi di internet, baru kemudian meminta bantuan guru atau teman jika masih belum paham. Dari pengalaman ini aku sadar bahwa aku membutuhkan suasana tenang untuk belajar dan ingin mengurangi kebiasaan menunda pekerjaan. Saat berada di lingkungan baru, aku akan mencoba terbuka dan beradaptasi secara perlahan.",R,R,Benar
"Aku biasanya belajar sendiri di rumah walaupun suasana di sekitarku kadang cukup ramai. Sebenarnya aku lebih suka belajar bersama orang lain karena kalau sendirian sering mengantuk. Cara yang paling membantuku memahami materi adalah mendengarkan penjelasan dari orang lain. Aku lebih nyaman belajar di tempat yang tidak terlalu ramai supaya bisa fokus dan merasa lebih semangat kalau suasananya tenang. Kalau mengalami kesulitan, biasanya aku mencoba menyelesaikannya sendiri dulu, lalu kalau masih belum bisa baru mencari solusi lewat internet. Aku ingin menjadi lebih giat belajar dan ketika berada di lingkungan baru aku akan berusaha beradaptasi agar lebih mudah menyesuaikan diri.",R,R,Benar
"Saya lebih nyaman belajar sendiri karena bisa lebih fokus tanpa terganggu oleh orang lain. Saya suka memahami materi dengan mendengarkan penjelasan lalu mencari tahu lebih lanjut secara mandiri. Suasana yang tenang membuat saya lebih mudah berkonsentrasi saat belajar. Ketika menemui kesulitan, saya berusaha mencari solusi sendiri terlebih dahulu, baru meminta bantuan jika memang diperlukan. Saya ingin tetap mempertahankan kebiasaan belajar dengan memahami, mengingat, dan mencatat materi.",K,K,Benar
"Saya biasanya belajar sendiri di rumah, tetapi kadang juga belajar bersama teman di tempat bimbingan belajar. Belajar bersama teman terasa lebih menyenangkan karena bisa berdiskusi dan saling membantu memahami materi. Saya sering mempelajari materi dengan menonton tutorial, berdiskusi dengan teman, mendengarkan penjelasan guru, lalu mengulanginya kembali secara mandiri. Tempat yang tenang seperti kamar pribadi membuat saya lebih mudah fokus, terutama jika ditemani musik instrumental. Saat menemui kesulitan, saya akan bertanya kepada guru, orang tua, atau mencari tutorial di internet. Saya menyadari bahwa pemahaman yang baik bukan hanya menghafal, tetapi juga memahami makna dan konteks materi yang dipelajari.",K,K,Benar
"Biasanya sih belajar di rumah atau di cafe. Aku lebih nyaman kalau bareng teman biar bisa langsung tanya kalau ada yang gak paham. Suka juga nonton penjelasan di YouTube atau ikut les tambahan. Kelas yang sepi atau tenang itu enak banget buat aku. Kalau nemu soal sulit, aku coba sendiri dulu, tapi kalau benar-benar gak tahu ya akhirnya nanya ke orang lain. Aku pengen banget suasana hati pas belajar selalu bagus, soalnya mood itu sangat ngaruh ke belajarku.",R,R,Benar
"Di kelas dan di kamar, aku lebih gampang paham dan enjoy kalau suasananya tenang, sepi, plus nyaman. Aku lebih nyaman belajar sendiri tapi kadang butuh teman buat diskusi atau sekadar bahas soal. Biasanya belajar mandiri, tapi kalau bener-bener gak paham, baru diskusi bareng teman lain yang lebih paham atau bahas soal aja. Tapi aku lebih gampang paham kalau denger penjelasan orang lain. Tempat yang luas, bersih, dingin, terus wangi. Harus sepi dan tenang soalnya kalau berisik, aku susah paham karena fokusku jadi terbagi-bagi. Kalau rame, jadinya amburadul pelajarannya. Biasanya bantuan dari teman atau orang yang lebih paham. Tapi kalau mereka gak ada yang bisa bantu, aku cari di internet aja. Denger penjelasan video orang lain di internet juga ngebantu banget buat bantu aku jawab. Soal metode belajar, aku mau bikin lebih fokus buat belajar. Walau susah nerapinnya, aku mau pelan-pelan supaya setiap hari sekolah dan belajar di kelasnya gak sia-sia. ",R,R,Benar
"Aku lebih senang belajar di rumah sendiri daripada bareng orang lain. Caranya ya belajar mandiri dan cari tahu pake materi yang jelas plus contoh soal. Aku suka belajar dengan suasana sepi dan gak ada orang yang ganggu waktu belajarku. Aku lebih suka dibantu dan dijelasin dulu buat nyelesain sesuatu. Biar pembelajaran tetap jalan, biasanya aku pake bantuan orang lain, dan biar gak bosan, aku biasanya nyetel musik.",A,A,Benar
"Dengerin musik sambil belajar di kamar sendiri, rasanya tenang, nyaman, damai, tentram. Kalau ngejelasin secara tatap muka, tapi cuma 2 orang doang. Kalau banyak-banyak, aku susah paham. Aku suka yang dengerin penjelasan dan belajar mandiri, tapi yang gak terlalu ramai. Belajar sambil dengerin musik. Kalau yang bareng-bareng, sebisa mungkin di lingkungan atau tempat yang sepi. Aku sering minta bantuan orang lain, kadang juga nyelesaiin sendiri. Kalau emang belum paham, ya aku tanya. Dari pengalaman belajar selama ini, aku jadi tahu kalau aku lebih gampang paham kalau belajarnya santai tapi tetep fokus. Yang mau aku ubah mungkin kebiasaan suka nunda tugas, biar bisa lebih disiplin. Tapi yang mau aku pertahankan itu rasa semangat buat belajar hal baru. Kalau ada di lingkungan belajar baru, biasanya aku coba menyesuaikan diri, tetep sopan, dan pelan-pelan mulai berani buat bergaul sama orang lain.",K,K,Benar
"Belajar di rumah, suasananya sepi dan tenang. Aku lebih suka belajar sendiri. Aku pahamin materi dengan dengerin penjelasan orang lain. Suasananya harus tenang. Kalau ada yang gak ngerti, aku nanya ke teman. Yang penting lebih rajin aja.",A,A,Benar
"Aku suka belajar bareng soalnya bisa punya relasi dan menambah banyak teman. Aku juga mandiri sih. Belajar di mall, di cafe, di taman sangat membantu merefleksikan tubuh dan pikiranku. Enggak, soalnya aku cenderung apa-apa sendiri. Senang, happy.",A,A,Benar
"Aku biasanya sering belajar di rumah, dan biasanya aku sering belajar kalau mau ujian dan ulangan. Suasana di sekitarku sekarang senang. Aku lebih nyaman belajar bareng orang lain biar gak membosankan. Biasanya aku baca berulang-ulang sampai paham dan nanya ke teman. Saat semuanya gak banyak bicara, itu bikin aku jadi fokus. Aku bakal nanya ke guru dan teman serta cari di internet. Aku biasanya sering nyelesaiin sendiri dulu. Biasa aja sih. Yang mau aku ubah adalah ingin lebih fokus terhadap pembelajaran. Sikapku saat berada di lingkungan belajar baru adalah jadi diem.",K,K,Benar
"Biasanya aku belajar di rumah, tepatnya di kamar di meja belajar, sekitar jam 7 malam. Suasana sunyi dan kadang bikin bosan. Kalau misalnya gak ada teman, aku sambil dengerin musik. Kalau belum terlalu malem dan ada waktu luang, aku biasanya ngajak teman buat keluar biar bisa belajar bareng. Soalnya kalau belajar bareng teman rasanya nyaman, ada tempat cerita juga, jadi gak bikin bosan. Aku biasanya bikin catatan baru di kertas atau buku sesuai materi yang dipelajari. Aku baca materi tersebut sampe bener-bener paham. Aku lebih suka diskusi karena lebih gampang pahamin materi kalau dipikirkan bareng-bareng. Biasanya aku di kamar sendirian dengan lampu yang lebih cerah. Itu bisa bikin semangat belajarku meningkat, dan aku lebih bersemangat kalau belajar dengan suasana tenang. Aku kesulitan belajar kalau dapet tugas yang jawabannya gak ada di bacaan. Kadang bingung karena belum pernah dipelajari tapi dapet tugas itu. Solusinya biasanya aku nanya dulu ke teman, terus aku coba ngerjain sendiri. Kalau gak bisa, nanti aku cari bantuan tutorial di Google atau di internet lainnya. Aku itu kurang fokus dan gampang bosan kalau suasananya itu-itu aja. Mungkin bakal aku tingkatkan lagi untuk itu. Aku mau pertahankan kebiasaan mencatat materi yang akan dipelajari. Aku bakal tingkatkan lagi soal waktu belajarku. Untuk di lingkungan belajar baru, aku gampang nyaman dengan tempat baru asalkan tempatnya sepi dan bisa bikin aku merasa lebih fokus. ",K,K,Benar
"Aku belajar cuma pas ada ujian aja soalnya menurutku belajar 8 jam di sekolah udah sangat cukup. Aku lebih nyaman belajar bareng orang lain soalnya kalau aku sendiri, aku gak bakal belajar, malah main HP. Cara aku pahamin materi adalah dengan baca lalu nulisin ulang di buku. Aku suka semuanya kecuali belajar mandiri. Kondisi belajar yang paling aku suka adalah ruangan yang gak berisik dan gak gelap. Ruangan itu cocok buatku soalnya aku orangnya gampang ilang fokus kalau di sekitarku banyak gangguan kayak suara, dll. Kalau aku nemu kesulitan dalam mempelajari materi, aku bakal hubungi temanku buat ngejelasin ulang. Kalau temanku juga gak bisa, biasanya aku bakal cari di YouTube tentang materi itu. Sebenernya gak ada yang perlu dipertahain soalnya menurutku cara belajarku gak baik. Justru harus diubah.",K,K,Benar
"Aku biasanya belajar di sekolah, mulai jam 7 pagi sampe selesai jam setengah 4 sore. Suasana di sekitarku biasanya ramai dan asik, jadi aku lebih suka belajar bareng orang lain daripada belajar sendiri. Kalau aku pengen pahamin materi, langkah awal pasti aku nanya ke yang bersangkutan, atau gak aku liat materi di Google atau liat video penjelasan di YouTube. Aku lebih suka suasana yang tenang pas belajar, soalnya suasana tenang gak bikin aku kepikiran hal lain saat belajar. Belajar sambil dengerin lagu, top tier ⭐️⭐️⭐️. Kalau aku nemu tantangan belajar, pasti aku coba dulu sendiri. Kalau bingung banget, baru aku tanya ke guru atau pembimbing di kelas. Mungkin aku mau ngubah diriku yang lemot ini kalau lagi pelajaran, soalnya kadang kayak orang bingung #jujur.",V,V,Benar
"Aku biasa belajar di kamar dan di kelas. Kadang di tempat umum kayak perpustakaan, cafe, atau rumah teman, dll. Suasananya kadang ramai, kadang sepi, tapi paling sering dalam keadaan sepi. Untuk belajar sendiri atau bareng, aku gak masalah. Dua-duanya nyaman. Bareng itu jadi asik dan relasi serta hubungan dengan teman jadi luas. Kalau aku sendiri, biasanya harus ditemani lagu biar gak bosan. Soalnya kalau sendiri itu kadang susah buat belajar, rasa bosan dan malas tertancap dalam tubuh sam-sampe aku luruh. Makanya aku biasanya ditemani lagu biar gak bosan, atau nonton video pembelajaran visual yang menarik.Aku bagi jadi 3 tahap. Tahap pertama: aku condong ke dengerin penjelasan orang lain (dari guru, teman). Abis itu baru ke tahap kedua: berdiskusi. Tapi ini opsional, jadi tergantung temanku mau apa enggak, dan situasi sekeliling nyaman buat diskusi atau enggak. Lalu terakhir tahap ketiga: belajar mandiri. Jadi fase ini aku menelaah lebih teliti dengan konsentrasi yang berbeda, lebih serius gitu. Jadi informasi yang aku dapet dari kedua tahap itu aku pelajari lagi di tahap ketiga. Kesimpulannya, ketiga metode itu aku gunakan dalam metode pembelajaran, dan aku suka ketiganya.Suasana yang cocok buat aku belajar paling condong ke suasana hujan gerimis disertai angin sepoi-sepoi. Kenapa? Karena suasana itu ngasih ketenangan batin, jadi memudahkan aku terfokus pada satu hal, yaitu belajar. Lalu ada suasana senja langit sore yang indah disertai lagu jazz. Alasannya sama kayak hujan, sama-sama menenangkan batin.Untuk kesulitan, biasanya aku komunikasiin ke temanku atau nonton berbagai video pembelajaran yang baik dan efektif. Aku juga latih pengontrolan waktu dan ketahanan konsentrasi dalam belajar. Banyak yang aku pelajari: tata cara konsisten dalam belajar, bagaimana cara ngilangin rasa malas, dan lain sebagainya. Iya, aku coba buat konsisten dan mencoba mengabulkan keinginanku buat giat belajar dengan suasana yang nyaman dan menenangkan batin. Untuk lingkungan belajar baru, aku berubah menjadi MAHORAGA 👑.",A,A,Benar
"Aku terbiasa belajar di rumah. Jarang banget belajar di tempat lain kayak coffee shop, rumah teman, atau study place lainnya. Suasana belajar di rumah cukup hening, gak ada hal lain yang mengalihkan rasa fokusku pas belajar. Belajar sendiri juga lebih nyaman daripada berkelompok soalnya aku mau berusaha sendiri dan nyoba sendiri tanpa melibatkan orang lain. Caraku pahamin materi baru dengan me-review materi-materi yang udah pernah aku catat. Kalau belum paham, aku bakal buka video tutorial atau baca artikel yang ngejelasin terkait materi yang lagi aku pelajari. Diskusi gak bikin aku bener-bener paham materi, tapi kalau aku dengerin penjelasan orang lain, aku jauh lebih paham soalnya penyampaiannya gampang dimengerti. Aku suka suasana belajar yang tenang, gak ada keramaian. Suasana ini cocok buatku soalnya aku lebih fokus pahamin materi dan lagi-lagi gak mengalihkan rasa fokusku pas belajar. Aku biasanya nyari video tutorial dan baca artikel buat bantu aku pahamin materi yang menurutku sulit. Aku suka nunda-nunda waktu pas belajar, kadang aku malas buat belajar. Yang mau aku rubah adalah kebiasaan burukku kayak rasa malas dan nunda-nunda waktu dalam belajar. ",R,R,Benar
